LESSON,SNO,NOTES_DESCRIPTION
1,1,"* N1は N2 です。 (N1 வந்து N2 ஆகும். ) *

*は உருபு:*
は ஆனது முதலாம் வேற்றுமை உருபு. இது எழுவாய் வேற்றுமை. (Subject/Topic)
தமிழில் முதலாம் வேற்றுமைக்கு உருபு கிடையாது.
எனினும் தமிழில் ""வந்து"" எனும் சொல்லுக்கு இது இணை.

*குறிப்பு:* は-ஆனது உறுபாக வரும்போது ""ஹ"" என்றல்லாமல் ""வ"" என்று உச்சரிக்கப்படுகிறது.

*です。:*
இது தமிழின் ""ஆகும்/ஆவார்"" என்பன போன்ற கடைச்சொல்லிற்கு இணை.
தமிழில் உயர்திணை/அஃறிணை பொறுத்து இது மாறும்.
ஆனால் யப்பானிய மொழியில் திணையற்று இருக்கிறது.
மலையாள மொழியிலும் அவ்வாறே."
1,2,"* N1はN2じゃありません。 (N1 வந்து N2 ஆக கிடையாது. ) *

じゃありません & ではありません

இது இரண்டும் ""இல்லை/கிடையாது"" எனும் பொருளில் இருக்கிறது"
1,3,"* か? (ですか) (か-உருபு) *

இது கேள்விக்கான உருபு.

தமிழில் ஒரு சொல்லின் இறுதியில் அ/ஒ சேர்த்தால் அது கேள்வியை குறிக்கும். 
உதாரணம்: புத்தகமா/புத்தகமோ 

இந்த அ/ஒ விற்கு இனைதான் இந்த か-உருபு என்றாலும் இது தனியாக வராமல், です எனும் சொல்லோடு  か இணைந்து ですか அதாவது ""ஆகுமா/ஆகுமோ"" என்று பயன்படுகிறது. 

*குறிப்பு:* யப்பானிய மொழியில் ? குறியீடு பயன்படுத்துவது கிடையாது"
1,4,"* だれ/どなた (யார்/எவர்) *

தமிழில் யார்? / எவர்? என்று மட்டுமே கேட்போம் ஆனால் யப்பானிய மொழியில் 
だれですか/どなたですか என்று கேட்பார்கள், தமிழில் இதை,
யார் ஆவாரோ?/எவர் ஆவாரோ? என்று கேட்பது போன்றது. "
1,5,"* N+も (N+ம்) *

*உம்மைத்தொகை:*
இதுவும் அதுவும் என்பதில் உள்ள ""ம்"" ஐப் போன்றதுதான் இந்த ""も"" ஆகும்.  

இதுவும் அதுவும் = これも　あれも
பையும் புத்தகமும் = かばんも　本も"
1,6,"* N1のN2 (N1உடையN2) *

""உடைய/பற்றிய"" என்கிற பொருளில் பயன்படும் உருபு இது. 

என்னுடைய புத்தகம் = 私の本"
1,7,"* なんさい/ おいくつ (என்ன வயது) *

さい என்பது வயது なんさい என்பது என்ன வயது. 
おいくつ என்பதும் என்ன வயது எனும் பொருளில் பயன்படுகிறது, இதில் いくつ என்றால் ""எத்தனை"" என்றுதான் உண்மையில் பொருள். என்றாலும் お எனும் மரயாதைக்குறிய முன்னொட்டு சேர்ந்து வரும்போது அது ""வயது எத்தனை"" எனும் பொருளில் கொள்ளப்படுகிறது."
1,8,"* ・中黒  (なかぐろ / nakaguro) = நடுப்புள்ளி) *

இந்தப்புள்ளிக் குறியீடு ஆனது பெரும்பாலும் யப்பானியர்கள் அல்லாதவர்களின் முதற்பெயர் மற்றும் இரண்டாம் பெயரை பிரித்துக்காட்ட பயன்படுகிறது.
உதாரணமாக, マイク・ミラー "
1,9,"* 、読点（とうてん / tōten） = காற்புள்ளி
 。 句点（くてん / kuten） = முற்றுப்புள்ளி *

、குறியீடு நாம் பயன்படுத்தும் காற்புள்ளி ( , ) என்பதற்கு இணை. 
。குறியீடு நாம் பயன்படுத்தும் முற்றுப்புள்ளி  ( . ) என்பதற்கு இணை.

*குறிப்பு:* யப்பானியர்கள் இவற்றை 19 ஆம் நூற்றாண்டில் தான் இவற்றை ஏற்றுக்கொண்டனர்.
இரண்டு மொழிகளிலும் பழங்காலத்தில் எழுத்துகளுக்கு இடையில் இடைவெளியே இது போன்ற எந்தக் குறியீடும் கிடையாது.  "
2,1,"* (これ/それ/あれ)+は-particle (இது/உது/அது)+வந்து-உருபு) *

தமிழில் சுட்டெழுத்துக்கள் எனப்படுபவை, ஒரு பொருளைச் சுட்டிக் காட்ட இவை பயன்படும். 

これ=இது
それ=உது
あれ=அது 

""இது"", ""அது"" உங்களுக்குத் தெரியும் ""உது"" தெரியாதுதானே, ஆனால் தமிழில் இச்சொல் இருக்கிறது.
நம்மிடம் இருப்பது ""இது"", தொலைவில் இருப்பது ""அது"", போலவே நாம் ஒருவரிடம் பேசும்போது அவரிடம் இருப்பது ""உது"". 
""இவன்"", ""அவன்"" என்பது போல ""உவன்"" எனும் சொல்லும் தமிழில் உள்ளது, காலப்போக்கில் பயன்பாட்டில் இல்லாமல் போயிற்று. 
எனினும் இலங்கையில் இன்னும் பயன்படுத்துகின்றனர். "
2,2,"* (この,その,あの)+noun+は-particle (இந்த,உந்த,அந்த)+பெ.சொல்+வந்து-உருபு) *

அ,இ,உ, முறையே சுட்டெழுத்துகள். இவ்எழுத்துக்களைக் கொண்டு பல சொற்கள் பிறக்கின்றன. 

この=இந்த 
その=உந்த 
あの=அந்த

இச்சொற்களை தொடர்ந்து பொதுவாக ஒரு பெயர்ச்சொல் வரும். ""இந்த உலகம்"", ""உந்த உலகம்"", ""அந்த உலகம்""."
2,3,"* なん、なんの、だれの、どれ、どの (என்ன, எதனுடைய, யாரினுடைய, எது, எதனுடைய) *

なん என்றால்  “என்ன?”.
உதாரணம்: これは　なん　ですか。 = இது வந்து என்ன?
 なんの　என்றால் “எதனுடைய?”.
உதாரணம்: それは　なんの　ざっし　ですか。 = இது எதனுடைய இதழ்?
 だれの என்றால் “யாருடைய?”.
உதாரணம்: あれは　だれの　めいし　ですか。 = அது யாருடைய வீசிடிங் கார்டு?
どれ and どの என்றால் “எது & எந்த”.
どれ ஆனது  これ、それ、あれ ஆகியவற்றின் வினாச்சொல். 
どの ஆனது  この、その、あの ஆகியவற்றின் வினாச்சொல்."
2,4,"* そうです (அவ்வாறே ஆகும்) *

そうです என்றால் ”அவ்வாறே ஆகும்”. ஒரு கேள்விக்கு நேர்மாறாக பதிலளிக்க そうです பயன்படுகிறது. 

அதேசமயம் எதிர்மறையாக பதிலளிக்க そうじゃありません(அவ்வாறாக கிடையாது)。"
2,5,"* S1 です か、S2 ですか (S1ஆகுமா?、S2ஆகுமா?) *

இதுவா? அதுவா? (அல்லது) இதுவாகுமா? அதுவாகுமா?

ஒன்றைச் சுட்டிக் காட்டி இதுவா அல்லது அதுவா என்று கேட்கும் பொது ですか வை தமிழைப்போலவே இரண்டிற்கும் பயன்படுத்தவேண்டும்"
2,6,"* そうですか(அவ்வாறே ஆகுமா?) *

ஒருவர் பேசும்போது கேட்பவர் ஆமோதிக்கும் தொனியில் பயன்படுத்தும் சொல் இது. (தமிழில், ""அப்படியா?"") 
そうです என்பது ”அவ்வாறே ஆகும்” என்று பொருள்தரும் எனில்,
そうでかす என்பது ”அவ்வாறே ஆகுமோ?” என்று பொருள் கொள்ளலாம், அல்லது எளிதாக ""ஓஹோ அப்படியா"" எனும் பொருளில்கூட கொள்ளலாம்."
3,1,"* (ここ/ そこ/あそこ)+は-particle (இவ்விடம்/உவ்விடம்/அவ்விடம்)+வந்து-உருபு) *

""இவ்விடம், உவ்விடம், அவ்விடம்"" எனும் பொருளில் இச்சொற்கள் பயன்படுகிறது.
தமிழில் பெரும்பாலும் ""இது/அது"" அல்லது ""இங்கே, அங்கே"" எனும் சொற்கள் பொதுவாக இச்சொற்களுக்கு பதிலாக பயன்படுகிறது. 

உதாரணமாக, ""இவ்விடம் பள்ளிக்கூடம்"" என்பதைக்காட்டிலும் ""இது பள்ளிக்கூடம்"" என்றே சொல்கிறோம். 
போலவே, ""அவ்விடம் இருக்கிறது"" என்பதிற்கு பதில் ""அங்கே இருக்கிறது"" என்றே சொல்கிறோம்."
3,2,"* (こちら,そちら,あちら)+は-particle (இந்தப்பக்கம்/உந்தப்பக்கம்/அந்தப்பக்கம்)+வந்து-உருபு) *

""இந்தப்பக்கம், உந்தப்பக்கம், அந்தப்பக்கம்"" எனும் பொருளில் இச்சொற்கள் பயன்படுகிறது.
மேலும் ஒருவரைச் சுட்டிக்காட்டி பேசும்போது ""இந்தப்பக்கம் இருப்பது சுதாகர்"" என்று சொல்வோம் அல்லவா? அவ்வாறே யப்பானிய மொழியிலும் அச்சூழலுக்கு ஏற்ப பயன்படுகிறது."
3,3,"* どこ、どちら (எவ்விடம், எந்தப்பக்கம்) *

""இவ்விடம், உவ்விடம், அவ்விடம்"" எனும் சொற்களுக்கு கேள்விச்சொல் ""எவ்விடம்"" ஆகும்.
தமிழைக்காட்டிலும் மலையாள மொழியில் இச்சொற்கள் இதே பொருளில் இன்றும் பயன்படுகின்றன. (மலையாளத்தில், ""ஏவிட"")

""இந்தப்பக்கம், உந்தப்பக்கம், அந்தப்பக்கம்""  எனும் சொற்களுக்கு கேள்விச்சொல் ""எந்தப்பக்கம்"" ஆகும். "
3,4,"* N1 の N2 (N1-ஐ சேர்ந்த N2) *

தமிழில் ""உடைய"" எனும் சொல், ""உடைமை/உடையது"" எனும் பொருண்மை மட்டுமின்றி ""சார்ந்த/பற்றிய"" எனும் பொருண்மையிலும் வருவது போல் இந்த ""の"" உருபும் தமிழப்போலவே பொருண்மை கொள்கிறது.

உதாரணமாக,
私の車 = என்னுடைய கார் = posession
ドイツの車 = ஜெர்மனியுடைய கார் (ஜெர்மனியைச்சார்ந்த கார்) = make
車の本 = காருடைய புத்தகம் (காரைப் பற்றிய புத்தகம்) = about"
3,5,"* Numbers (எண்ணுப்பெயர்) *

https://www.youtube.com/watch?v=qqT1oL7Edyk"
3,6,"* Counters (எண்ணடிப்பெயர் (பெயரடை?) *

https://www.youtube.com/watch?v=RMXVrHBpCKI"
4,1,"* いま、じ、ぷん、なんじ、なんぷん、はん (இப்போ, மணி, என்ன, என்ன மணி?, என்ன நிமிடம்? அரை) *

நேரம் குறித்த கேள்வி பதில்கள் பின்வருமாறு இருக்கும்,

いまなんじ　ですか。இப்போ என்ன மணி ஆகுமோ?
……にじ　です。　இரண்டு மணி ஆகும்.
……さんじ　ごふん　です。　மூன்று மணி 5 நிமிடம் ஆகும்．
……ごぜん　じゅういちじ　です。முற்பகல் பதினொரு மணி ஆகும்.
……ごご　よじはん　です。　பிற்பகல் *மூன்று மணி அரை* ஆகும்.
……あさの　ろくじはん　です。காலைல *ஆறு மணி அரை* ஆகும்.

பெரும்பாலும் தமிழைப்போலவேதான் யப்பானியர்களும் நேரத்தை குறிப்பிடுகிறார்கள், இந்த ごぜんமற்றும் ごご அதாவது முற்பகல் மற்றும் பிற்பகல் எனும் சொற்கள் சீனமொழியிலிருந்து வந்தவை. 

*குறிப்பு-1:* இந்த ""*はん*"" மட்டும் தமிழில் ""மூன்று *அரை* மணி"" என்போம் ஆனால் யப்பானிய மொழியில் ""மூன்று மணி *அரை*"" என்பர். 

あさの = காலைல
ひるの = மதியானத்துல
ゆうがたの = சாயங்காலத்துல 
よるの = இறவுல

*குறிப்பு-2:* இந்த இடத்தில் の உருபானது ""உடைய/ன்"" எனும் பொருளில் இல்லாமல் ""ல"" எனும் பின்னொட்டு போல் அமைகிறது. 

アメリカは　いま　なんじ　ですか。அமெரிக்கா வந்து இப்போ என்ன மணி ஆகுமோ?
……ひるの　いちじ　です。மதியானத்துல 1 மணி ஆகும்.

*குறிப்பு-3:* ஒருவேளை யாரேனும் வெளிநாடில் இருக்க அவரிடம் நேரம் கேட்கும் போது, அந்த நாட்டின் பெயருக்கு பிறகு は-உருபை பயன்படுத்துவர், இது யப்பானிய மொழியில் இயல்பான ஒன்று."
4,2,"* です、ではありません、でした、ではありませんでした (ஆகும், ஆகக்கிடையாது, ஆகியது, ஆகியதாக இருக்கக் கிடையாது) *

நாம் முதலாம் பாடத்தில் です மற்றும் ではありません என்பவற்றை ""ஆகும்"" மற்றும் ""ஆகக்கிடையாது"" என்று பார்த்தோம். 
இவற்றின் இறந்தகாலப் பயன்பாடுதான் でした மற்றும் ではありませんでした ஆகும், ""ஆகியது"" மற்றும் ""ஆகியதாக இருக்கக்கிடையாது"" எனும் பொருளில் வரும். 

*குறிப்பு-1:* ではありませんでした என்பதன் இயல்பான சொல்லாடல்தான் ""じゃありませんでした"", இரண்டிற்கும் பொருள் ஒன்றே.
*குறிப்பு-2:* யப்பானிய மொழியில் எதிர்காலத்திற்கும் நிகழ்காலத்திற்கும் ஒரே பயன்பாடுதான்."
4,3,"* ます、ません、ました、ませんでした (தமிழில் இதை பொருத்திப் பார்க்க இயலாத யப்பானிய சிறப்பு இலக்கண அமைப்பு) *

です என்பது ஒரு பொருள் அல்லது ஒரு நபரின் இருப்பை குறித்து நிற்கும் கடைச்சொல்லோ, அதேபோல்
ます என்பது ஒரு வினையைக் குறித்து நிற்கும் கடைச்சொல் அல்லது விகுதி எனலாம், இதற்கு இணையான சொல் தமிழில் ஏதும் கிடையாது, ஆனால் இது ஒருவகையில் தமிழர்களாகிய நமக்கு ஒரு வரப்பிரசாதம். காரணம் இதன் திணையற்ற தன்மை. 

உதாரணமாக,
நான் போகி*றேன்* = わたし　は　いき*ます*
நீ போகி*றாய்* = あなた　は　いき*ます*
அவன் போகி*றான்* = かれ　は　いき*ます*
அவள் போகி*றாள்* = かのじょ　は　いき*ます*
நாய் போகி*றது* = いぬ　は　いき*ます*

இங்கு, நான், நீ, அவன், அவள், அது எனும் பெயர்ச்சொற்களின் திணையைப் பொறுத்து, ""போ"" எனும் வினைச்சொல்லின் விகுதி மாற்றமடையும், ஆனால் யப்பானிய மொழியில் எல்லா திணைக்கும் வினைச்சொல் விகுதி ஒன்றுதான் அது ""ます"" தான். ஒருவகையில் மலையாள மொழியும் இதேபோல் இருக்கிறது.

ഞാൻ പോകുന്നു = ஞான் போகுன்னு
നീ പോകുന്നു = நீ போகுன்னு
അവൻ പോകുന്നു = அவன் போகுன்னு
അവൾ പോകുന്നു = அவள் போகுன்னு
നായ പോകുന്നു = நாய போகுன்னு

மேலும், இந்த ます ஆனது  ""ません"" என்கிற எதிர் விகுதியையும், ""ました"" எனும் கடந்தகால விகுதியையும், ""ませんでした"" எனும் கடந்தகால எதிர் விகுதியையும் திணையற்று கொள்கிறது. 

உதாரணங்கள்,
たべる = சாப்பிடு
たべます = சாப்பிடுகிறேன்/சாப்பிடுவேன் 
たべません = சாப்பிடவில்லை/சாப்பிடமாட்டேன்
たべました = சாப்பிட்டுவிட்டேன்
たべませんでした = சாப்பிட்டுவிட்டிருக்கவில்லை

*குறிப்பு:* யப்பானிய மொழியில் எதிர்காலத்திற்கும் நிகழ்காலத்திற்கும் ஒரே பயன்பாடுதான்."
4,4,"* N (time)に V　（にーparticle as time marker) (N (நேரம்)க்கு V（にーநேரத்தை குறிக்கும் உருபு) *

に உருபுக்கு பல்வேறு பயன்பாடுகள் இருக்கிறது. ஒரு இடத்தை, நேரத்தை, நோக்கத்தை குறிக்க பயன்படுகிறது. ஆனால் இப்பாடத்தில் நேரத்தை குறித்து நிற்கும் பயன்பாடுகள் குறித்து மட்டும் பார்க்கலாம். இதற்கு தமிழில் இணையான உருபு ""க்கு"".

はちじ*に*　எட்டு மணி*க்கு*
どようび*に*　சனிக்கிழமை*க்கு*

உதாரணமாக ます விகுதியோடு வாக்கியங்கள் பார்க்கலாம், 
わたしは　まいにち　ろくじ*に*　おきます。 நான் வந்து தினமும் ஆறு மணி*க்கு* எழும்புவேன்
どようび*に*　はたらきません。சனிக்கிழமைக்கு வேலைசெய்யவில்லை.

*குறிப்பு-1:* மேலே சனிக்கிழமை என்பதற்கு ""க்கு"" சேர்த்து புழங்குவது தமிழ் மொழியில் வழக்கமில்லை, ஆனால் யப்பானிய மொழியில் எண்ணுப்பெயர்களுக்கு に சேர்த்து புழங்கும் வழக்கம் உண்டு.

*குறிப்பு-2 :* இன்னொரு வகையில் தமிழ் போலவே, நேரத்தை குறிக்கும் எண்ணுப்பெயர் அல்லாத சொற்களுக்கு இந்த に உருபை சேர்த்து புழங்க மாட்டார்கள். உதாரணமாக きょう(நேற்று), せんしゅう(போனவாரம்) , ことし(இந்தாண்டு) போன்றவை.
வாக்கிய உதாரணமாக,
きのう　べんきょうしました。நேற்று படித்தேன்.
らいねん　にほん*へ*　いきます。வருமவருடம் ஜப்பானுக்கு செல்வேன்.

இந்த *へ*-உருபு குறித்து பாடம்-5-ல் படிக்கலாம். "
4,5,"* N1から　N2まで (N1 முதல் N2 வரை / N1 லிருந்து N2 வரை) *

""から"" என்பது ""முதல்"" அல்லது ""இருந்து"" எனும் பொருள் கொள்ளும், அதாவது துவக்கத்தை குறிக்கும்.
""まで"" என்பது ""வரை"" எனும் பொருள் கொள்ளும், அதாவது முடிவை குறிக்கும்.

உதாரணமாக,
ごご　ごじ*から*　ごご　しちじ*まで*　べんきょうしました。பிற்பகல் 5மணி *முதல்* பிற்பகல் 7மணி *வரை* படித்தேன்
やすみは　ろくがつ*から*　です。விடுமுறை வந்து ஆறாம் மாதம் (ஜூன்) *முதல்* ஆகும். 
まいにち　なんじ*から*　なんじ*まで*　はたらきますか。தினமும் என்ன மணி *முதல்* என்ன மணி *வரை* வேலையோ?"
4,6,"* N1とN2 (N1 மற்றும் N2) *

இரண்டு தொடர்புடைய பெயர்ச்சொற்களை இணைக்க と உருபானது பயன்படுகிறது. தமிழின் ""மற்றும்"" எனும் சொல்லுக்கு இது இணை. 

さくらさん　*と*　ミラさんは　がくせい　です。சகுரா *மற்றும்* மிலர் வந்து மாணவர் ஆவர்
かいしゃの　やすみは　どようびと　にちようび　です。"
4,7,"* ～ね (～ல / ～தானே / ～ அல்லவா / ～அல்லே / ～ஆணல்லே) *

～ね எனும் விகுதியோடு நிறைவு பெரும் சொல்லோ வாக்கியமோ பேசுபவர் கேட்பவரிரிடத்திலிருந்து ""ஆமோதிப்பை"" எதிரபார்க்கிறது எனலாம்.

உதாரணமாக,
さくらさんは　がくせいです*ね*。சகுரா வந்து மாணவர்*ல* (மாணவர் ஆவார்*ல*)?
これは　テレザさんの　がっこう　ですね。இது வந்து தெரசாவுடைய பள்ளி*தானே* (பள்ளி ஆகும்*தானே*)?

மலையாளத்தில்,
これは やまださんの くるまです*ね*。 இது யமதன்ட கார் ஆணல்*லே*?"
5,1,* The Particle へ (へ உருபு) *
5,2,"* どこ「へ」も　いきません、いきませんでした (எவ்விடமும் போகவில்லை, போயிருக்கவில்லை) *"
5,3,"* どこ「で」も (எங்கேயும்/எங்கும் போகவில்லை, போயிருக்கவில்லை) *"
5,4,* The particle で (で உருபு) *
5,5,* N (vehicle)で いきます/　きます/　かえります。 (N (வாகனம்)மூலம் போகிறேன்/ வருகிறேன்/ திரும்புகிறேன்.) *
5,6,* N (person/animal)と V (N (மனிதர்/பிராணி) உடன்  V) *
5,7,* いつ (எவ்வளவு?) *
5,8,* ～よ (～கேட்டோ / ～தெரியுமா) *
