lesson,Title,Character,Dialogue
1,初めまして。  ,சதோ,おはよう　ございます。  
1,初めまして。  ,யமதா,"おはよう　ございます。  
さとうさん、こちらは　マイク・ミラーさん です。 "
1,初めまして。  ,மிலர்,"初めまして。  
マイク・ミラー です。  
アメリカから　来ました。  
どうぞ　よろしく。  "
1,初めまして。  ,சதோ,"さとう・けい子です。  
どうぞ　よろしく。"
2,これから　お世話に　なります,யமதா இச்சிரோ,はい。どなたですか。
2,これから　お世話に　なります,சந்தோசு,408の　サントスです。
2,これから　お世話に　なります,,***************************
2,これから　お世話に　なります,சந்தோசு,"こんにちは。サントスです。
これから　お世話に　なります。
どうぞ　よろしく　お願いします。"
2,これから　お世話に　なります,யமதா இச்சிரோ,こちらこそ　よろしく　お願いします。
2,これから　お世話に　なります,சந்தோசு,あのう、これ、コーヒーです。どうぞ。
2,これから　お世話に　なります,யமதா இச்சிரோ,どうも　ありがとう　ございます。
3,これを　ください,கடை ஊழியர்  A,いらっしゃいませ。
3,これを　ください,மரியா,すみません。ワイン　売り場は　どこ　ですか。
3,これを　ください,கடை ஊழியர்  A,地下　1階　です。
3,これを　ください,மரியா,どうも。
3,これを　ください,,***************************
3,これを　ください,மரியா,すみません。その　ワインを　見せてください。
3,これを　ください,கடை ஊழியர்  B,はい、どうぞ。
3,これを　ください,மரியா,これは　どこの　ワイン　ですか。
3,これを　ください,கடை ஊழியர்  B,日本の　です。
3,これを　ください,மரியா,いくら　ですか。
3,これを　ください,கடை ஊழியர்  B,2500円　です。
3,これを　ください,மரியா,じゃ、これを　ください。
