Lesson,Section,SNO,Example_Type,Japanese_Example,Tamil_Natural,Tamil_Japanese_Equivalent,Malayalam
1,Reibun,1,Question,あなたは　マイク・ミラーさん　ですか。  ,நீங்க மைக்கு மிலர்சானா?,நீங்க வந்து மைக்கு மிலர்சான் ஆவீரோ?,
1,Reibun,1,Answer,はい、[わたしは]　マイク・ミラー　です。,"ஆம், [நான்] மைக்கு மிலர்.","ஆம், [நான் வந்து] மைக்கு மிலர் ஆவேன்.",
1,Reibun,2,Question,ミラーさんは　学生　ですか。,மிலர்சான் மானவரா?,மிலர்சான் வந்து மானவர் ஆவாரா?,மில்லர்சான் வன்னு வித்யார்த்தி ஆனோ?
1,Reibun,2,Answer,いいえ、[わたしは]　学生じゃ　ありません。,"இல்லை, [நான்] மானவர் கிடையாது.","இல்லை, [நான் வந்து] மானவர் ஆக கிடையாது.","இல்லே, [ஞான் வன்னு] வித்யார்த்தி அல்லா."
1,Reibun,2x,Question,これは　犬　ですか。,இது நாயா?,இது நாய் ஆகுமா?,இது நாயி ஆனோ?
1,Reibun,2x,Answer,いいえ、これは　猫　です。,"இல்லை, இது பூனை.","இல்லை, இது பூனை ஆகும்.","இல்லே, இது பூச்சா ஆனு."
1,Reibun,3,Question,ワンさんは　銀行員　ですか。,வான்சான் வங்கி வேளையாளா?,வான்சான் வந்து வங்கி வேளையாள் ஆவாரா?,
1,Reibun,3,Answer,いいえ、[ワンさんは]　銀行員じゃ　ありません。,"இல்லை, [வான்சான்] வங்கி வேளையாள் கிடையாது.","இல்லை, [வான்சான் வந்து] வங்கி வேளையாள் ஆக கிடையாது.",
1,Reibun,3,Answer,医者　です。,மருத்துவர்.,மருத்துவர் ஆவார்.,
1,Reibun,4,Question,あの　方は　どなた　ですか。,அந்த நபர் யார்?,அந்த நபர் எவர் ஆவார்?,ஆ நபர் ஆர் ஆனோ?
1,Reibun,4,Answer,ワットさん　です。　さくら大学の　先生　です。,வத்தொசான். சகுரா பல்கலைகழகத்தினுடைய ஆசிரியர்.,வத்தொசான். சகுரா பல்கலைகழகத்தினுடைய ஆசிரியர் ஆவார்.,வத்தொசான். சகுரா விஷ்வவித்யாலயத்திண்டே ஆஷான் ஆனு.
1,Reibun,5,Question,グプタさんは　会社員　ですか。,குப்தாசான் நிருவன வேலையாளா?,குப்தாசான் வந்து நிருவன வேலையாள் ஆவாரா?,
1,Reibun,5,Answer,はい、会社員　です。,"ஆம், நிருவன வேலையாள்","ஆம், நிருவன வேலையாள் ஆவார்.",
1,Reibun,5,Question,カリナさんも　会社員　ですか。,கரினாசானும் நிருவன வேலையாளா?,கரினாசானும் நிருவன வேலையாள் ஆவாரா?,
1,Reibun,5,Answer,いいえ、[カリナさんは]　学生　です。,"இல்லை, [கரினாசான்] மானவர்.","இல்லை, [கரினாசான் வந்து] மானவர் ஆவார்.",
1,Reibun,6,Question,テレーザちゃんは　何歳　ですか。,தெரேசாச்சானுக்கு என்ன வயது?,தெரேசாசச்சான் வந்து என்ன வயது ஆகுமோ?,
1,Reibun,6,Answer,9歳　です。,ஒன்பது வயது.,ஒன்பது வயது ஆகும்.,
